userid,username
1,Beverly Derossett
11,Brett Pettis
22,Francis Anderson
24,Wilma Durham
29,Margaret Keller
30,Anna Gibbs
33,Michael Lambert
34,Bruce Johnson
49,Angelo Frye
56,Arthur Haller
58,Brenda Arcangel
63,Richard Wade
64,James Porterfield
65,Scott Deblois
67,Norman Brown
68,Michael Knight
75,Roberta Langford
80,George Daggett
82,Larry Hughes
83,Joseph Driscoll
88,Chris Guerra
89,Bill Geppert
98,Ebony Puffinburger
103,Veronica Goodyear
109,Gary Toto
111,Curtis Gill
115,Luke Laravie
120,Robert Wells
127,Michael Vela
128,Stephen Kranz
131,Jerome Jenkins
132,Rodney Cabral
139,Juan Hermann
142,Thomas Crawford
146,Michael Smith
150,Edna Thane
151,Lynne Dewitt
153,Ramon Reichman
157,Fred Baza
158,Earl Garcia
191,Robert Goodman
193,Carrie Moore
198,Gary Warner
201,Diane Bolen
210,David Caldwell
212,Joseph Nipp
217,David Jacobs
224,Mark Hood
225,Rita Coverdale
227,Carroll Reitz
229,Maria Colon
231,Jeannette Howard
236,Brian Valliant
250,Arthur Mcelroy
255,Robert Black
262,Paul Suarez
267,Cassandra Garza
271,Lela Westerfield
273,Jeffrey Hatch
277,Cary Zabel
279,Kevin Penick
296,Cedric Kelly
298,Tracey Ford
306,Brock Belcher
308,Theresa Krueger
312,Patricia Moen
313,Marc Sanchez
318,Frank Nash
319,Charles Williams
325,Tammy Dodds
334,Jettie Hand
340,Mary Hayes
342,Stephen Albert
343,John Gumina
346,Janice Jones
348,Magnolia Jenkins
350,Sidney Spear
353,Michael Tully
354,Steve Joseph
359,Regina Ramos
360,Jose Hurley
362,Doris Dugger
364,Joyce Hathaway
368,Frances Brewer
377,Monique Bihm
379,Peter Mcdevitt
382,Billy Robinson
390,Alphonse Huling
392,Leon Faulkner
398,Dorothy Brown
411,Mary Shepard
412,William Hinson
415,Celia Browning
421,Charity Davis
423,Jeanette Bunning
425,Anne Hood
427,Patrick Holden
429,Jack Mcilwraith
431,Ann Miranda
434,Daniel Purtell
436,Charles Carter
442,Janell Yang
443,Cody Tretheway
445,David Hoyt
446,Rodney Engleman
447,Corey Leonard
451,Shana Brown
452,Alicia Womer
455,Travis Johnston
457,Herman Quillen
461,Mary Howard
467,Virginia Bender
468,Helen Ward
469,Robert Clements
479,Muriel Cruz
480,Charlotte Cornelius
482,Charles Sokol
483,Lena Dudley
491,Jessica Eversole
492,Sidney Lovell
498,Lisa Massart
503,Mark Torres
506,Richard Duarte
507,Troy Ramos
517,Rebecca Kukauskas
519,Martin Anderson
523,Joe Flowers
524,John Horton
527,Elizabeth Gilbreath
534,Fredrick Delaughter
542,Reuben Pemberton
543,Harry Wiggin
544,Thomas Hibbs
545,Harry Boyce
559,Charles Gass
567,John Brown
570,Mai Lash
576,Frederick Williford
578,Vernita Moore
583,John Pennington
588,Jason Shaw
595,Jason Thornton
600,Hilary Arreola
604,Georgia Wilson
606,Lorilee Green
613,Holly Tesh
619,Lori Silva
623,Jerome Lee
632,Daniel Sykes
633,Teresa Campbell
638,Edward Carpenter
651,Kelly Freels
661,Maria Flynn
70,Franklin Shook
167,Jerri Peeler
463,Diana Earnest
3,Judith Samuel
5,Alberta Mix
12,Jeffrey Taylor
20,Kayleen Roybal
27,Terry Palmer
28,Thomas Ogg
37,Vanessa Thrasher
47,Kelly Cooley
50,Wesley Hawes
62,Patrick Potter
94,John Arnette
125,Teresa Gusman
138,Betty Reilly
143,Jean White
161,Ashley Bogue
164,Roy Mulchrone
170,Leana Craft
174,Kate Woods
179,Nathaniel Aleman
184,Moises Gamble
187,Veronica Lopez
204,Andrew Watson
206,Michael Betancourt
218,Ann Morgan
230,Roberto Grams
235,Stacey Flores
247,Lisa Frey
249,Bruce Allis
251,Ruby Hoffman
261,Barry Schuster
284,Janet Falcon
303,David Mccloud
330,Richard Stewart
331,Linda Edwards
332,Patricia Reichert
337,Louise Cox
363,Walter Nissen
366,Vincent Belcher
370,David Peterson
376,Marcus Stephens
384,Christine Lopez
388,Ann Price
401,Pearl Perez
414,Linda Martinez
426,Latoya Gann
448,Marie Dulaney
450,Patricia Rosado
453,Michael Johnson
454,James Karl
465,Michael Kaltz
474,Roberta Curtis
487,Fred Craft
493,Abraham Koshiol
495,Rose Relyea
502,Lester Madsen
510,Fred Henderson
512,Edna Skipper
514,Mary Plumlee
515,Betty Cole
521,Albert Nichols
529,Thomas Stroope
540,James Mckinney
541,Debra Wier
557,Sharon Robertson
574,Gabriel Bustamante
602,Mandy Barrie
605,Anthony Geiser
611,Melissa Riddle
614,Gilberto Pearson
615,Juliette Reyes
624,Michael Spears
625,Michael Badillo
627,Nancy Calico
643,Terri Spencer
647,Virginia Tribble
655,Sherie Nelson
660,Ma Lenk
671,Edward Rich
4,Robert Petruzzelli
86,Thomas Fagan
190,Cythia Bakshi
222,Robert Whittaker
228,Troy Liu
232,Sherryl Daniels
304,Kerry Chambers
402,Ernie Meadows
432,Holli Harris
569,Carol Gonzales
645,Heather Ortiz
9,Eleanor Griego
43,Ora Chandler
79,Andrea Lovin
97,Iris Lawrence
106,John Greenler
141,Joshua Haywood
219,Helen Helms
254,Monique Jones
269,Theodore Morales
274,Tony Desai
294,Joseph Broadway
316,John Mckean
321,Dennis Taylor
400,Diane Faz
417,Randy Tant
456,William Davidson
459,John Wright
533,John Johnson
568,Nana Corral
580,Dana Dean
640,Larry Walls
8,Theodore Steen
46,Russell Moore
51,Melissa Shelton
69,Elizabeth Fries
160,Yolanda Dials
240,Joseph Sheehan
246,Katherine Burrell
253,Linda Barker
256,Angela Doggett
268,Daniel Kaufman
280,Theresa Lancaster
323,Jerry Phelps
335,Marlene Thompson
439,Eric Odell
494,Robert Stemper
508,Emily Hard
551,Kim Blubaugh
669,Twila Ayala
53,Vernon Gibson
54,Bobby Fischer
59,Arthur Benjamin
73,Duane Strange
77,Mary Long
84,Nathaniel Jones
105,Paul Cook
123,Teresa Robinson
129,Linda Nawrocki
147,Edgar Walz
178,Gregory Funk
200,Peggy Luna
213,Greg Valdez
215,Betty Dodge
237,Frances Paquette
283,Beth Sinclair
349,Robert Burton
352,Megan Chaney
380,Margarita Frede
389,Veronica Truong
391,Deanna Davis
396,Rodney Lipe
449,Monique Pirog
505,Hugh Lauriano
516,Debra Perkins
581,Lawrence Fisher
621,Linda Watson
652,Michelle Weisner
15,Gail Donelson
55,John Harris
211,George Chalepah
289,Nick Morales
302,Gary Tornow
410,Allyson Yoder
509,Mike Bowling
563,Inez Torres
7,Eliza Piccinini
14,Curtis Pregler
16,Oscar Anderson
41,Lakesha Norton
76,Mark Garner
107,Andrew Zable
110,Kathleen Vanderloo
117,Christopher Shirilla
133,Bob Henderson
155,Christopher Wild
234,Joanne Wireman
242,Frank Vogt
245,Margaret Giannini
286,Arthur Amelung
295,Arnold Roberts
314,Dorothy Wells
329,Mark Parker
358,William Caceres
361,William Santiago
371,Ethel Jones
386,Agnes Bahner
435,George Mecham
471,Amalia Henley
485,Michael Farmer
564,Jeffrey Murawski
579,Karen Ortiz
582,Patricia Wagner
587,Jimmy Jones
616,Louis Thompson
636,Phil Beltran
641,Natasha Moss
17,Travis Ramos
136,Leslie Stanesic
140,Patricia Davis
166,Mary Terry
285,Mark Helmuth
433,Nadine Ascher
458,Stanley Phillips
477,Michael Noriega
538,Jesse Rodriguez
593,Gerald Black
60,Stefanie Wright
601,Jose Boyd
609,Angela Allen
21,Karen Smith
32,Richard Monteith
148,Jason Mcdowell
344,Raul Morger
584,Florene Orellana
173,Carol Williams
420,Elizabeth Douglas
149,Don Walker
233,April Giles
292,Jane Critchfield
497,Michael Burgo
555,Joseph Johnson
607,Selma Horne
629,Elizabeth Hatfield
644,Mary Toombs
472,Terrence Waldo
489,Judith Jorstad
48,Ernest Keys
500,Brian Corbett
539,Deborah Pomeroy
299,Derrick Roberts
38,Clinton Tardy
260,Robert Recher
520,Nelson Pacheo
599,Donald Hughes
2,Margaret Gonzalez
40,Richard Florez
87,Evelyn Harvey
91,Josephine Fullerton
93,Maudie Vollmer
101,Jonathan Bell
118,Lisa Gutierrez
168,Jess Robinson
196,Mary Richard
317,Hilma Perez
338,Lorraine Daniels
341,Tracy Hernandez
430,Mark Arrington
511,Genesis Dusel
518,Joseph Osborn
112,Roger Ruiz
119,Billy Adkins
156,Jack Johnson
192,Mary Roberts
248,Hiram Williams
282,Saundra Williams
287,Timothy Nutter
320,Raymond Nelson
339,Juanita Villalvazo
413,Susan Sanchez
481,Jesse Aguilar
499,Charles Smith
558,Robert Quimby
603,Christeen Small
622,John Whitaker
52,Kevin Elliott
71,Barbara Bridges
99,Eric Mercado
162,Daniel Opperman
171,Beth Smith
324,Larry Cox
404,Concepcion Garcia
418,Victoria Grant
488,Bill Meginnes
586,Juan Sloat
592,Chauncey Reynolds
630,Shaun Snow
646,Julie Vankeuren
663,Donna Bolden
72,Matthew Brown
264,Stanley Pearson
556,Keisha Feezell
658,Thomas Campbell
395,Arthur Vancuren
460,William Otsu
501,Elizabeth Mcafee
74,Ethan Lopez
176,Amanda Dutton
565,Gary Cayo
635,Elizabeth Wilson
81,Joe Voelker
108,Katherine Harmon
113,Larry Ray
121,Leo Vietti
159,Joseph Reagan
241,Matilda Queen
252,Lorraine Pepe
301,Kathleen Lewis
365,Marcos Apodaca
397,Debra Gray
403,Mark Kuster
470,Elizabeth Howard
490,Darin Johnston
496,Frank Sweene
552,Christopher Babb
562,Diana Martindale
590,Joan Cokley
654,Marvin Teter
667,James Ward
670,Mark Fox
25,Marilyn King
44,Helen Vangieson
126,Lydia Padilla
188,Lisa Castlen
546,Allan Jones
322,John Miller
90,Marilyn Harley
66,James Perine
311,Ethel Cruz
181,Nery Hubbard
387,John Hansen
478,Jeff Torres
85,Jacquelyn Pierson
135,Gary Elick
145,Anthony Rice
281,Joseph Morelock
405,Tiffany Rains
437,Jose Modafferi
571,Jose Garcia
596,Patricia Charpentier
598,Erika Clark
666,Eliza Lehmann
102,Gabrielle Singh
378,Lily Crosby
634,Lisa Finney
95,Kenneth Williams
114,Lois Nelson
175,Lula Hernandez
220,Gerald Butler
372,David Mcnamara
422,Madeline Dials
504,Diane Fonua
589,Jennifer Carter
610,Staci Poirier
659,Rachel Montiel
23,Juan Harbach
194,Brandon Duggan
275,Helen Plata
373,Earl Muto
522,Robert Jones
35,Dominic Taylor
486,Irene Bolt
36,Stephen Manigault
134,Goldie Nguyen
195,Dominga Ellis
208,Saul Huffman
612,Katina Swanson
18,Corey Crawford
226,Shelli Elder
144,Marvin Sammer
202,Gregory Lee
205,Winnie Quinones
290,Henry Salley
326,Jane Woods
345,Terry Hill
653,Irma Kerney
548,Amanda Gonsalves
419,Marjorie Coleman
78,Dusty Gautier
385,Nancy Poe
466,Betty Net
649,Lloyd Trinklein
577,Wilson Mallett
265,Frank Mccage
665,Rebecca Derrick
239,David Mcginness
278,Wayne Leonard
464,James Duvall
476,Henry Arnold
13,Ashley Collette
96,Maryann Alter
116,Mark Shaner
257,Pearl Wittke
263,Sina Higgs
189,Kenneth Davis
367,Rhonda Northcutt
216,Thomas Owen
399,Marie Jordan
440,Erik Patterson
408,Carmen Chol
566,Aurelio Donaldson
657,Laura Presson
61,Clara Tolar
259,Doris Wright
266,Margaret West
407,Sheryl Holmes
620,Ryan Williams
122,Deborah Vessell
221,Michael Garcia
244,Stephanie Gibson
258,Rhonda Stafford
369,Thomas Laurie
550,Marie Williams
272,Gary Taylor
307,Jeffrey Ford
530,Alline Russell
573,Milton Ramlall
165,Sandra Daggett
152,Raymond Mack
293,Clara Jones
528,Robert Abernathy
475,Harold Wescott
428,Christopher Smith
137,Rick Amo
315,Lucinda White
199,Curtis Jeter
177,Daniel Salerno
10,Noble Rojas
185,Jesse Vasquez
207,Jennie Outlaw
357,Denise Chien
597,Noah Little
631,Jean Harrison
668,Jack Best
203,Andrea Roberson
300,Jonathan Snyder
333,Lisa Mccutcheon
664,Grace Nation
6,June Laboy
572,Donald Ashley
209,Robert Payton
537,Geneva Pagan
197,Glenda Taylor
104,Julie Rodriquez
288,Linda Mendez
309,Yvonne Gomez
355,Aaron Hummingbird
553,Robert Deaton
57,Leana Sadler
416,Theodore Dennis
561,Mark Alvarado
39,Roland Terhune
238,Ramiro Ray
626,Robin Long
648,Michele Rasmusson
154,Sherry Jones
351,Craig Cameron
186,Jessie Taylor
169,Ena Mcdaniel
163,Adrienne Loomis
637,Latoya Pekarek
424,Michael Mendez
270,Janet Mccurry
575,Esther Godwin
591,Ida Humphries
438,Robin Hall
297,Matthew Neumann
356,Wesley Meidinger
642,Michael Collom
531,Clayton Coleman
375,Derrick Lisbey
628,Richard Crowley
19,William Dangelo
526,Charles Hillier
393,Guadalupe Beavers
336,Anna Campbell
639,Sonya Fitzpatrick
223,Irving Bergstresser
374,Martin Berry
594,Dennis Cousins
656,Albert Gray
409,Harold Clapper
585,Rosie Miller
618,Donald John
172,James Carlin
513,Anthony Mathies
214,George Donovan
124,Tanya Chan
549,Raymond Thompson
608,Francis Taylor
525,Rose Diaz
441,Jeffrey Edwards
462,Dion Mcmillan
31,George Mackey
328,Rick Abbott
26,Desiree Stimpert
560,Norman Bondy
554,Mary Flores
100,Emma Antonio
310,Douglas Damour
243,James Murphy
617,Lisa Lewis
536,Lily Clarke
180,Gary Raygoza
291,Susan Colon
535,Virginia Davis
305,Mathew Robichaux
383,James Langel
182,Steve Mcguire
42,Irma Pope
662,Milton Lusher
406,Alfred Hokenson
532,Russell Sigala
347,Shelia Thompson
183,Glenda Dorsey
276,Daniel Tindle
130,Martha Williams
650,Juanita Clever
444,Anne Nobles
473,Jose Schwerdtfeger
547,John Gonzales
381,Rosella Irizarry
45,Jordan Moffitt
484,Carrie Lance
394,Maxine Holliman
92,Christy Upham
327,Delbert Weldon
